name,tech
chinmay,node
chinmay,node
chinmay,node
chinmay,node
chinmay,node
chinmay,node
chinmay,node
chinmay,node
chinmay,node
chinmay,node
chinmay,node
chinmay,node
chinmay,node
chinmay,node
chinmay,node
chinmay,node
chinmay,node
chinmay,node
chinmay,node
chinmay,node
chinmay,node
chinmay,node
chinmay,node
chinmay,node
chinmay,node
chinmay,node
chinmay,node
chinmay,node
chinmay,node
chinmay,node
chinmay,node
chinmay,node
chinmay,node
chinmay,node
chinmay,node
chinmay,node
chinmay,node
chinmay,node
chinmay,node
chinmay,node
chinmay,node
chinmay,node
chinmay,node
chinmay,node
chinmay,node
chinmay,node
chinmay,node
chinmay,node
chinmay,node
chinmay,node
chinmay,node
chinmay,node
chinmay,node
chinmay,node
chinmay,node
chinmay,node
chinmay,node
chinmay,node
chinmay,node
chinmay,node
chinmay,node
chinmay,node
chinmay,node
chinmay,node
chinmay,node
chinmay,node
chinmay,node
chinmay,node
chinmay,node
chinmay,node
chinmay,node
chinmay,node
chinmay,node
chinmay,node
chinmay,node
chinmay,node
chinmay,node
chinmay,node
chinmay,node
chinmay,node
chinmay,node
chinmay,node
chinmay,node
chinmay,node
chinmay,node
chinmay,node
chinmay,node
chinmay,node
chinmay,node
chinmay,node
chinmay,node
chinmay,node
chinmay,node
chinmay,node
chinmay,node
chinmay,node
chinmay,node
chinmay,node
chinmay,node
chinmay,node
chinmay,node
chinmay,node
chinmay,node
chinmay,node
chinmay,node
chinmay,node
chinmay,node
chinmay,node
chinmay,node
chinmay,node
chinmay,node
chinmay,node
chinmay,node
chinmay,node
chinmay,node
chinmay,node
chinmay,node
chinmay,node
chinmay,node
chinmay,node
chinmay,node
chinmay,node
chinmay,node
chinmay,node
chinmay,node
chinmay,node
chinmay,node
chinmay,node
chinmay,node
chinmay,node
chinmay,node
chinmay,node
chinmay,node
chinmay,node
chinmay,node
chinmay,node
chinmay,node
chinmay,node
chinmay,node
chinmay,node
chinmay,node
chinmay,node
chinmay,node
chinmay,node
chinmay,node
chinmay,node
chinmay,node
chinmay,node
chinmay,node
chinmay,node
chinmay,node
chinmay,node
chinmay,node
chinmay,node
chinmay,node
chinmay,node
chinmay,node
chinmay,node
chinmay,node
chinmay,node
chinmay,node
chinmay,node
chinmay,node
chinmay,node
chinmay,node
chinmay,node
chinmay,node
chinmay,node
chinmay,node
chinmay,node
chinmay,node
chinmay,node
chinmay,node
chinmay,node
chinmay,node
chinmay,node
chinmay,node
chinmay,node
chinmay,node
chinmay,node
chinmay,node
chinmay,node
chinmay,node
chinmay,node
chinmay,node
chinmay,node
chinmay,node
chinmay,node
chinmay,node
chinmay,node
chinmay,node
chinmay,node
chinmay,node
chinmay,node
chinmay,node
chinmay,node
chinmay,node
chinmay,node
chinmay,node
chinmay,node
chinmay,node
chinmay,node
chinmay,node
chinmay,node
chinmay,node
chinmay,node
chinmay,node
chinmay,node
chinmay,node
chinmay,node
chinmay,node
chinmay,node
chinmay,node
chinmay,node
chinmay,node
chinmay,node
chinmay,node
chinmay,node
chinmay,node
chinmay,node
chinmay,node
chinmay,node
chinmay,node
chinmay,node
chinmay,node
chinmay,node
chinmay,node
chinmay,node
chinmay,node
chinmay,node
chinmay,node
chinmay,node
chinmay,node
chinmay,node
chinmay,node
chinmay,node
chinmay,node
chinmay,node
chinmay,node
chinmay,node
chinmay,node
chinmay,node
chinmay,node
chinmay,node
chinmay,node
chinmay,node
chinmay,node
chinmay,node
chinmay,node
chinmay,node
chinmay,node
chinmay,node
chinmay,node
chinmay,node
chinmay,node
chinmay,node
chinmay,node
chinmay,node
chinmay,node
chinmay,node
chinmay,node
chinmay,node
chinmay,node
chinmay,node
chinmay,node
chinmay,node
chinmay,node
chinmay,node
chinmay,node
chinmay,node
chinmay,node
chinmay,node
chinmay,node
chinmay,node
chinmay,node
chinmay,node
chinmay,node
chinmay,node
chinmay,node
chinmay,node
chinmay,node
chinmay,node
chinmay,node
chinmay,node
chinmay,node
chinmay,node
chinmay,node
chinmay,node
chinmay,node
chinmay,node
chinmay,node
chinmay,node
chinmay,node
chinmay,node
chinmay,node
chinmay,node
chinmay,node
chinmay,node
chinmay,node
chinmay,node
chinmay,node
chinmay,node
chinmay,node
chinmay,node
chinmay,node
chinmay,node
chinmay,node
chinmay,node
chinmay,node
chinmay,node
chinmay,node
chinmay,node
chinmay,node
chinmay,node
chinmay,node
chinmay,node
chinmay,node
chinmay,node
chinmay,node
chinmay,node
chinmay,node
chinmay,node
chinmay,node
chinmay,node
chinmay,node
chinmay,node
chinmay,node
chinmay,node
chinmay,node
chinmay,node
chinmay,node
chinmay,node
chinmay,node
chinmay,node
chinmay,node
chinmay,node
chinmay,node
chinmay,node
chinmay,node
chinmay,node
chinmay,node
chinmay,node
chinmay,node
chinmay,node
chinmay,node
chinmay,node
chinmay,node
chinmay,node
chinmay,node
chinmay,node
chinmay,node
chinmay,node
chinmay,node
chinmay,node
chinmay,node
chinmay,node
chinmay,node
chinmay,node
chinmay,node
chinmay,node
chinmay,node
chinmay,node
chinmay,node
chinmay,node
chinmay,node
chinmay,node
chinmay,node
chinmay,node
chinmay,node
chinmay,node
chinmay,node
chinmay,node
chinmay,node
chinmay,node
chinmay,node
chinmay,node
chinmay,node
chinmay,node
chinmay,node
chinmay,node
chinmay,node
chinmay,node
chinmay,node
chinmay,node
chinmay,node
chinmay,node
chinmay,node
chinmay,node
chinmay,node
chinmay,node
chinmay,node
chinmay,node
chinmay,node
chinmay,node
chinmay,node
chinmay,node
chinmay,node
chinmay,node
chinmay,node
chinmay,node
chinmay,node
chinmay,node
chinmay,node
chinmay,node
chinmay,node
chinmay,node
chinmay,node
chinmay,node
chinmay,node
chinmay,node
chinmay,node
chinmay,node
chinmay,node
chinmay,node
chinmay,node
chinmay,node
chinmay,node
chinmay,node
chinmay,node
chinmay,node
chinmay,node
chinmay,node
chinmay,node
chinmay,node
chinmay,node
chinmay,node
chinmay,node
chinmay,node
chinmay,node
chinmay,node
chinmay,node
chinmay,node
chinmay,node
chinmay,node
chinmay,node
chinmay,node
chinmay,node
chinmay,node
chinmay,node
chinmay,node
chinmay,node
chinmay,node
chinmay,node
chinmay,node
chinmay,node
chinmay,node
chinmay,node
chinmay,node
chinmay,node
chinmay,node
chinmay,node
chinmay,node
chinmay,node
chinmay,node
chinmay,node
chinmay,node
chinmay,node
chinmay,node
chinmay,node
chinmay,node
chinmay,node
chinmay,node
chinmay,node
chinmay,node
chinmay,node
chinmay,node
chinmay,node
chinmay,node
chinmay,node
chinmay,node
chinmay,node
chinmay,node
chinmay,node
chinmay,node
chinmay,node
chinmay,node
chinmay,node
chinmay,node
chinmay,node
chinmay,node
chinmay,node
chinmay,node
chinmay,node
chinmay,node
chinmay,node
chinmay,node
chinmay,node
chinmay,node
chinmay,node
chinmay,node
chinmay,node
chinmay,node
chinmay,node
chinmay,node
chinmay,node
chinmay,node
chinmay,node
chinmay,node
chinmay,node
chinmay,node
chinmay,node
chinmay,node
chinmay,node
chinmay,node
chinmay,node
chinmay,node
chinmay,node
chinmay,node
chinmay,node
chinmay,node
chinmay,node
chinmay,node
chinmay,node
chinmay,node
chinmay,node
chinmay,node
chinmay,node
chinmay,node
chinmay,node
chinmay,node
chinmay,node
chinmay,node
chinmay,node
chinmay,node
chinmay,node
chinmay,node
chinmay,node
chinmay,node
chinmay,node
chinmay,node
chinmay,node
chinmay,node
chinmay,node
chinmay,node
chinmay,node
chinmay,node
chinmay,node
chinmay,node
chinmay,node
chinmay,node
chinmay,node
chinmay,node
chinmay,node
chinmay,node
chinmay,node
chinmay,node
chinmay,node
chinmay,node
chinmay,node
chinmay,node
chinmay,node
chinmay,node
chinmay,node
chinmay,node
chinmay,node
chinmay,node
chinmay,node
chinmay,node
chinmay,node
chinmay,node
chinmay,node
chinmay,node
chinmay,node
chinmay,node
chinmay,node
chinmay,node
chinmay,node
chinmay,node
chinmay,node
chinmay,node
chinmay,node
chinmay,node
chinmay,node
chinmay,node
chinmay,node
chinmay,node
chinmay,node
chinmay,node
chinmay,node
chinmay,node
chinmay,node
chinmay,node
chinmay,node
chinmay,node
chinmay,node
chinmay,node
chinmay,node
chinmay,node
chinmay,node
chinmay,node
chinmay,node
chinmay,node
chinmay,node
chinmay,node
chinmay,node
chinmay,node
chinmay,node
chinmay,node
chinmay,node
chinmay,node
chinmay,node
chinmay,node
chinmay,node
chinmay,node
chinmay,node
chinmay,node
chinmay,node
chinmay,node
chinmay,node
chinmay,node
chinmay,node
chinmay,node
chinmay,node
chinmay,node
chinmay,node
chinmay,node
chinmay,node
chinmay,node
chinmay,node
chinmay,node
chinmay,node
chinmay,node
chinmay,node
chinmay,node
chinmay,node
chinmay,node
chinmay,node
chinmay,node
chinmay,node
chinmay,node
chinmay,node
chinmay,node
chinmay,node
chinmay,node
chinmay,node
chinmay,node
chinmay,node
chinmay,node
chinmay,node
chinmay,node
chinmay,node
chinmay,node
chinmay,node
chinmay,node
chinmay,node
chinmay,node
chinmay,node
chinmay,node
chinmay,node
chinmay,node
chinmay,node
chinmay,node
chinmay,node
chinmay,node
chinmay,node
chinmay,node
chinmay,node
chinmay,node
chinmay,node
chinmay,node
chinmay,node
chinmay,node
chinmay,node
chinmay,node
chinmay,node
chinmay,node
chinmay,node
chinmay,node
chinmay,node
chinmay,node
chinmay,node
chinmay,node
chinmay,node
chinmay,node
chinmay,node
chinmay,node
chinmay,node
chinmay,node
chinmay,node
chinmay,node
chinmay,node
chinmay,node
chinmay,node
chinmay,node
chinmay,node
chinmay,node
chinmay,node
chinmay,node
chinmay,node
chinmay,node
chinmay,node
chinmay,node
chinmay,node
chinmay,node
chinmay,node
chinmay,node
chinmay,node
chinmay,node
chinmay,node
chinmay,node
chinmay,node
chinmay,node
chinmay,node
chinmay,node
chinmay,node
chinmay,node
chinmay,node
chinmay,node
chinmay,node
chinmay,node
chinmay,node
chinmay,node
chinmay,node
chinmay,node
chinmay,node
chinmay,node
chinmay,node
chinmay,node
chinmay,node
chinmay,node
chinmay,node
chinmay,node
chinmay,node
chinmay,node
chinmay,node
chinmay,node
chinmay,node
chinmay,node
chinmay,node
chinmay,node
chinmay,node
chinmay,node
chinmay,node
chinmay,node
chinmay,node
chinmay,node
chinmay,node
chinmay,node
chinmay,node
chinmay,node
chinmay,node
chinmay,node
chinmay,node
chinmay,node
chinmay,node
chinmay,node
chinmay,node
chinmay,node
chinmay,node
chinmay,node
chinmay,node
chinmay,node
chinmay,node
chinmay,node
chinmay,node
chinmay,node
chinmay,node
chinmay,node
chinmay,node
chinmay,node
chinmay,node
chinmay,node
chinmay,node
chinmay,node
chinmay,node
chinmay,node
chinmay,node
chinmay,node
chinmay,node
chinmay,node
chinmay,node
chinmay,node
chinmay,node
chinmay,node
chinmay,node
chinmay,node
chinmay,node
chinmay,node
chinmay,node
chinmay,node
chinmay,node
chinmay,node
chinmay,node
chinmay,node
chinmay,node
chinmay,node
chinmay,node
chinmay,node
chinmay,node
chinmay,node
chinmay,node
chinmay,node
chinmay,node
chinmay,node
chinmay,node
chinmay,node
chinmay,node
chinmay,node
chinmay,node
chinmay,node
chinmay,node
chinmay,node
chinmay,node
chinmay,node
chinmay,node
chinmay,node
chinmay,node
chinmay,node
chinmay,node
chinmay,node
chinmay,node
chinmay,node
chinmay,node
chinmay,node
chinmay,node
chinmay,node
chinmay,node
chinmay,node
chinmay,node
chinmay,node
chinmay,node
chinmay,node
chinmay,node
chinmay,node
chinmay,node
chinmay,node
chinmay,node
chinmay,node
chinmay,node
chinmay,node
chinmay,node
chinmay,node
chinmay,node
chinmay,node
chinmay,node
chinmay,node
chinmay,node
chinmay,node
chinmay,node
chinmay,node
chinmay,node
chinmay,node
chinmay,node
chinmay,node
chinmay,node
chinmay,node
chinmay,node
chinmay,node
chinmay,node
chinmay,node
chinmay,node
chinmay,node
chinmay,node
chinmay,node
chinmay,node
chinmay,node
chinmay,node
chinmay,node
chinmay,node
chinmay,node
chinmay,node
chinmay,node
chinmay,node
chinmay,node
chinmay,node
chinmay,node
chinmay,node
chinmay,node
chinmay,node
chinmay,node
chinmay,node
chinmay,node
chinmay,node
chinmay,node
chinmay,node
chinmay,node
chinmay,node
chinmay,node
chinmay,node
chinmay,node
chinmay,node
chinmay,node
chinmay,node
chinmay,node
chinmay,node
chinmay,node
chinmay,node
chinmay,node
chinmay,node
chinmay,node
chinmay,node
chinmay,node
chinmay,node
chinmay,node
chinmay,node
chinmay,node
chinmay,node
chinmay,node
chinmay,node
chinmay,node
chinmay,node
chinmay,node
chinmay,node
chinmay,node
chinmay,node
chinmay,node
chinmay,node
chinmay,node
chinmay,node
chinmay,node
chinmay,node
chinmay,node
chinmay,node
chinmay,node
chinmay,node
chinmay,node
chinmay,node
chinmay,node
chinmay,node
chinmay,node
chinmay,node
chinmay,node
chinmay,node
chinmay,node
chinmay,node
chinmay,node
chinmay,node
chinmay,node
chinmay,node
chinmay,node
chinmay,node
chinmay,node
chinmay,node
chinmay,node
chinmay,node
chinmay,node
chinmay,node
chinmay,node
chinmay,node
chinmay,node
chinmay,node
chinmay,node
chinmay,node
chinmay,node
chinmay,node
chinmay,node
chinmay,node
chinmay,node
chinmay,node
chinmay,node
chinmay,node
chinmay,node
chinmay,node
chinmay,node
chinmay,node
chinmay,node
chinmay,node
chinmay,node
chinmay,node
chinmay,node
chinmay,node
chinmay,node
chinmay,node
chinmay,node
chinmay,node
chinmay,node
chinmay,node
chinmay,node
chinmay,node
chinmay,node
chinmay,node
chinmay,node
chinmay,node
chinmay,node
chinmay,node
chinmay,node
chinmay,node
chinmay,node
chinmay,node
chinmay,node
chinmay,node
chinmay,node
chinmay,node
chinmay,node
chinmay,node
chinmay,node
chinmay,node
chinmay,node
chinmay,node
chinmay,node
chinmay,node
chinmay,node
chinmay,node
chinmay,node
chinmay,node
chinmay,node
chinmay,node
chinmay,node
chinmay,node
chinmay,node
chinmay,node
chinmay,node
chinmay,node
chinmay,node
chinmay,node
chinmay,node
chinmay,node
chinmay,node
chinmay,node
chinmay,node
chinmay,node
chinmay,node
chinmay,node
chinmay,node
chinmay,node
chinmay,node
chinmay,node
chinmay,node
chinmay,node
chinmay,node
chinmay,node
chinmay,node
chinmay,node
chinmay,node
chinmay,node
chinmay,node
chinmay,node
chinmay,node
chinmay,node
chinmay,node
chinmay,node
chinmay,node
chinmay,node
chinmay,node
chinmay,node
chinmay,node
chinmay,node
chinmay,node
chinmay,node
chinmay,node
chinmay,node
chinmay,node
chinmay,node
chinmay,node
chinmay,node
chinmay,node
chinmay,node
chinmay,node
chinmay,node
chinmay,node
chinmay,node
chinmay,node
chinmay,node
chinmay,node
chinmay,node
chinmay,node
chinmay,node
chinmay,node
chinmay,node
chinmay,node
chinmay,node
chinmay,node
chinmay,node
chinmay,node
chinmay,node
chinmay,node
chinmay,node
chinmay,node
chinmay,node
chinmay,node
chinmay,node
chinmay,node
chinmay,node
chinmay,node
chinmay,node
chinmay,node
chinmay,node
chinmay,node
chinmay,node
chinmay,node
chinmay,node
chinmay,node
chinmay,node
chinmay,node
chinmay,node
chinmay,node
chinmay,node
chinmay,node
chinmay,node
chinmay,node
chinmay,node
chinmay,node
chinmay,node
chinmay,node
chinmay,node
chinmay,node
chinmay,node
chinmay,node
chinmay,node
chinmay,node
chinmay,node
chinmay,node
chinmay,node
chinmay,node
chinmay,node
chinmay,node
chinmay,node
chinmay,node
chinmay,node
chinmay,node
chinmay,node
chinmay,node
chinmay,node
